,id,month,biden_poll,trump_poll,name,transaction_sum,transaction_count,avg_contrib
0,AZ,April,48.53840786552674,44.03438677875308,AZ,,,
1,AZ,August,47.63103955959697,45.41244555071388,AZ,,,
2,AZ,July,48.093783823311306,44.67198166072386,AZ,,,
3,AZ,June,46.94760256188596,42.96468798884655,AZ,,,
4,AZ,May,48.22547382671044,43.77440245957785,AZ,,,
5,AZ,September,48.917441860465125,44.684371957157,AZ,,,
6,FL,April,46.791798894637964,46.00684165285986,FL,,,
7,FL,August,49.66593464428898,45.27792576149788,FL,,,
8,FL,July,49.33490651468803,42.964361018257044,FL,,,
9,FL,June,48.70384659091417,43.27973383683942,FL,,,
10,FL,May,47.27266353501112,43.82727119056746,FL,,,
11,FL,September,48.49295774647885,46.847118029926456,FL,,,
12,GA,August,45.6218767990699,46.82267727592105,GA,,,
13,GA,July,45.10447128628947,47.83318840579693,GA,,,
14,GA,September,45.285714285714285,46.46036446468625,GA,,,
15,MI,April,46.24862927035305,41.425531246330664,MI,,,
16,MI,August,48.33172565560667,42.86639961155717,MI,,,
17,MI,July,48.39872817955133,40.583711217184614,MI,,,
18,MI,June,48.96449372161515,41.02529373250826,MI,,,
19,MI,May,47.18368026644463,41.61017373781721,MI,,,
20,MI,September,48.00571428571426,43.27454861866543,MI,,,
21,MN,August,49.64202006383949,42.867067970905445,MN,,,
22,MN,July,52.69999999999823,41.300000000000054,MN,,,
23,MN,September,51.25818181818179,41.4261723983924,MN,,,
24,NC,April,46.541105671151854,46.88691546558778,NC,,,
25,NC,August,46.98916125682946,46.54565418400274,NC,,,
26,NC,July,47.719539823007224,44.84580606781651,NC,,,
27,NC,June,46.20759259258925,45.28445577953822,NC,,,
28,NC,May,46.10948622966953,46.69484421122571,NC,,,
29,NC,September,47.48947368421051,46.58952745849306,NC,,,
30,OH,August,46.98365732507512,44.70702247190921,OH,,,
31,OH,July,46.08173754239632,44.64249404289043,OH,,,
32,OH,June,44.20814393939368,44.576941318594194,OH,,,
33,OH,September,48.020588235294134,44.96201923076581,OH,,,
34,PA,April,46.73143269103971,43.6051790031993,PA,,,
35,PA,August,49.429410542336,43.90249790444004,PA,,,
36,PA,July,49.204975347374486,42.17035573122485,PA,,,
37,PA,June,48.73691767709026,43.16857319291112,PA,,,
38,PA,May,48.276303073920985,42.726549001892124,PA,,,
39,PA,September,49.32083333333333,44.47436373769574,PA,,,
40,TX,April,45.26780633318832,47.64344655972797,TX,,,
41,TX,August,43.747968545236006,46.57316077756998,TX,,,
42,TX,July,44.6057983683154,45.48629239099339,TX,,,
43,TX,June,43.41489102563949,45.18670448353525,TX,,,
44,TX,May,44.218722541398996,46.44625676192635,TX,,,
45,TX,September,44.26290322580656,47.73389063416991,TX,,,
46,WI,April,46.699999999998504,44.0,WI,,,
47,WI,August,49.08161290322645,43.81740938799766,WI,,,
48,WI,July,48.209859535385874,42.02146542827654,WI,,,
49,WI,June,47.39035031846969,42.25488873903954,WI,,,
50,WI,May,46.203975409835216,43.51411402608709,WI,,,
51,WI,September,49.45135135135135,43.776870748298734,WI,,,
0,Administrative and Support and Waste Management and Remediation Services_AZ,April,,,,42636.0,1046.0,40.76099426386233
1,Construction_AZ,April,,,,82211.0,199.0,413.1206030150754
2,Finance and Insurance_AZ,April,,,,14948.0,200.0,74.74
3,Health Care and Social Assistance_AZ,April,,,,52218.0,686.0,76.11953352769679
4,Management of Companies and Enterprises_AZ,April,,,,203654.0,2371.0,85.89371573175875
5,NOT EMPLOYED_AZ,April,,,,136196.0,1812.0,75.16335540838853
6,"Professional, Scientific, and Technical Services_AZ",April,,,,69349.0,880.0,78.80568181818182
7,Public Administration_AZ,April,,,,73342.0,900.0,81.49111111111111
8,RETIRED_AZ,April,,,,1103495.0,19212.0,57.4377992921091
9,Real Estate and Rental and Leasing_AZ,April,,,,45356.0,628.0,72.22292993630573
10,Administrative and Support and Waste Management and Remediation Services_AZ,August,,,,69892.0,782.0,89.37595907928389
11,Construction_AZ,August,,,,11196.0,87.0,128.68965517241378
12,Finance and Insurance_AZ,August,,,,25104.0,187.0,134.24598930481284
13,Health Care and Social Assistance_AZ,August,,,,137565.0,859.0,160.1455180442375
14,Management of Companies and Enterprises_AZ,August,,,,340739.0,1865.0,182.70187667560322
15,NOT EMPLOYED_AZ,August,,,,766393.0,8020.0,95.56022443890274
16,"Professional, Scientific, and Technical Services_AZ",August,,,,215813.0,1550.0,139.23419354838708
17,Public Administration_AZ,August,,,,89438.0,666.0,134.2912912912913
18,RETIRED_AZ,August,,,,620980.0,3258.0,190.60159607120934
19,Real Estate and Rental and Leasing_AZ,August,,,,66300.0,437.0,151.7162471395881
20,Administrative and Support and Waste Management and Remediation Services_AZ,July,,,,25429.0,273.0,93.14652014652015
21,Construction_AZ,July,,,,4319.0,35.0,123.4
22,Finance and Insurance_AZ,July,,,,18842.0,86.0,219.09302325581396
23,Health Care and Social Assistance_AZ,July,,,,55977.0,390.0,143.53076923076924
24,Management of Companies and Enterprises_AZ,July,,,,128319.0,661.0,194.1285930408472
25,NOT EMPLOYED_AZ,July,,,,201718.0,3402.0,59.293944738389186
26,"Professional, Scientific, and Technical Services_AZ",July,,,,94022.0,642.0,146.45171339563862
27,Public Administration_AZ,July,,,,54676.0,407.0,134.33906633906633
28,RETIRED_AZ,July,,,,344625.0,1592.0,216.47298994974875
29,Real Estate and Rental and Leasing_AZ,July,,,,23760.0,128.0,185.625
30,Administrative and Support and Waste Management and Remediation Services_AZ,June,,,,151474.0,2571.0,58.91637495138079
31,Construction_AZ,June,,,,51047.0,597.0,85.50586264656616
32,Finance and Insurance_AZ,June,,,,60715.0,552.0,109.9909420289855
33,Health Care and Social Assistance_AZ,June,,,,209180.0,1905.0,109.80577427821522
34,Management of Companies and Enterprises_AZ,June,,,,977202.0,6133.0,159.33507255829122
35,NOT EMPLOYED_AZ,June,,,,229590.0,3073.0,74.7120078099577
36,"Professional, Scientific, and Technical Services_AZ",June,,,,206291.0,2549.0,80.93016869360534
37,Public Administration_AZ,June,,,,270118.0,2191.0,123.2852578731173
38,RETIRED_AZ,June,,,,2832831.0,44168.0,64.13763358087303
39,Real Estate and Rental and Leasing_AZ,June,,,,166402.0,1764.0,94.33219954648526
40,Administrative and Support and Waste Management and Remediation Services_AZ,May,,,,116562.0,1434.0,81.28451882845188
41,Construction_AZ,May,,,,32841.0,387.0,84.86046511627907
42,Finance and Insurance_AZ,May,,,,36741.0,322.0,114.1024844720497
43,Health Care and Social Assistance_AZ,May,,,,79185.0,1014.0,78.09171597633136
44,Management of Companies and Enterprises_AZ,May,,,,325371.0,3458.0,94.09224985540774
45,NOT EMPLOYED_AZ,May,,,,137568.0,2427.0,56.6823238566131
46,"Professional, Scientific, and Technical Services_AZ",May,,,,93662.0,1295.0,72.32586872586873
47,Public Administration_AZ,May,,,,118478.0,1387.0,85.42033165104542
48,RETIRED_AZ,May,,,,1718278.0,27874.0,61.6444715505489
49,Real Estate and Rental and Leasing_AZ,May,,,,55149.0,824.0,66.92839805825243
50,Administrative and Support and Waste Management and Remediation Services_AZ,September,,,,37610.0,170.0,221.23529411764707
51,Construction_AZ,September,,,,10969.0,54.0,203.12962962962962
52,Finance and Insurance_AZ,September,,,,19888.0,52.0,382.46153846153845
53,Health Care and Social Assistance_AZ,September,,,,66909.0,273.0,245.0879120879121
54,Management of Companies and Enterprises_AZ,September,,,,209036.0,671.0,311.5290611028316
55,NOT EMPLOYED_AZ,September,,,,4007.0,39.0,102.74358974358974
56,"Professional, Scientific, and Technical Services_AZ",September,,,,60661.0,261.0,232.4176245210728
57,Public Administration_AZ,September,,,,60941.0,157.0,388.1592356687898
58,RETIRED_AZ,September,,,,764355.0,3867.0,197.6609775019395
59,Real Estate and Rental and Leasing_AZ,September,,,,36389.0,134.0,271.55970149253733
60,Administrative and Support and Waste Management and Remediation Services_FL,April,,,,133589.0,2436.0,54.839490968801314
61,DIRECTOR_FL,April,,,,597834.0,76.0,7866.236842105263
62,Finance and Insurance_FL,April,,,,536507.0,728.0,736.9601648351648
63,Health Care and Social Assistance_FL,April,,,,223745.0,2441.0,91.66120442441623
64,Management of Companies and Enterprises_FL,April,,,,2095769.0,6477.0,323.5709433379651
65,NOT EMPLOYED_FL,April,,,,463875.0,6224.0,74.53004498714652
66,"Professional, Scientific, and Technical Services_FL",April,,,,381941.0,3198.0,119.43120700437774
67,Public Administration_FL,April,,,,231424.0,2678.0,86.4167289021658
68,RETIRED_FL,April,,,,3192126.0,53050.0,60.17202639019793
69,Real Estate and Rental and Leasing_FL,April,,,,130698.0,1743.0,74.98450946643717
70,Administrative and Support and Waste Management and Remediation Services_FL,August,,,,154098.0,1918.0,80.34306569343066
71,DIRECTOR_FL,August,,,,22460.0,117.0,191.96581196581195
72,Finance and Insurance_FL,August,,,,100219.0,604.0,165.92549668874173
73,Health Care and Social Assistance_FL,August,,,,405672.0,2533.0,160.1547572048954
74,Management of Companies and Enterprises_FL,August,,,,960012.0,4919.0,195.16405773531204
75,NOT EMPLOYED_FL,August,,,,2276073.0,22090.0,103.03635129017655
76,"Professional, Scientific, and Technical Services_FL",August,,,,628680.0,4016.0,156.5438247011952
77,Public Administration_FL,August,,,,301362.0,1806.0,166.8671096345515
78,RETIRED_FL,August,,,,1671990.0,6226.0,268.5496305814327
79,Real Estate and Rental and Leasing_FL,August,,,,165781.0,903.0,183.5891472868217
80,Administrative and Support and Waste Management and Remediation Services_FL,July,,,,64933.0,877.0,74.03990877993158
81,DIRECTOR_FL,July,,,,5814.0,43.0,135.2093023255814
82,Finance and Insurance_FL,July,,,,44680.0,240.0,186.16666666666666
83,Health Care and Social Assistance_FL,July,,,,163200.0,1018.0,160.31434184675834
84,Management of Companies and Enterprises_FL,July,,,,434378.0,2092.0,207.6376673040153
85,NOT EMPLOYED_FL,July,,,,593584.0,9520.0,62.35126050420168
86,"Professional, Scientific, and Technical Services_FL",July,,,,250514.0,1733.0,144.55510675129833
87,Public Administration_FL,July,,,,226163.0,810.0,279.2135802469136
88,RETIRED_FL,July,,,,924822.0,3425.0,270.0210218978102
89,Real Estate and Rental and Leasing_FL,July,,,,116136.0,502.0,231.34661354581672
90,Administrative and Support and Waste Management and Remediation Services_FL,June,,,,403386.0,5943.0,67.87582029278143
91,DIRECTOR_FL,June,,,,66554.0,242.0,275.0165289256198
92,Finance and Insurance_FL,June,,,,771374.0,1774.0,434.82187147688836
93,Health Care and Social Assistance_FL,June,,,,616346.0,5671.0,108.6838300123435
94,Management of Companies and Enterprises_FL,June,,,,4137998.0,15611.0,265.0693741592467
95,NOT EMPLOYED_FL,June,,,,1048038.0,9870.0,106.18419452887538
96,"Professional, Scientific, and Technical Services_FL",June,,,,1184106.0,7244.0,163.4602429596908
97,Public Administration_FL,June,,,,917471.0,5680.0,161.52658450704226
98,RETIRED_FL,June,,,,11224249.0,119109.0,94.2351039803877
99,Real Estate and Rental and Leasing_FL,June,,,,418065.0,4168.0,100.30350287907869
100,Administrative and Support and Waste Management and Remediation Services_FL,May,,,,173996.0,3522.0,49.40261215218626
101,DIRECTOR_FL,May,,,,20238.0,132.0,153.3181818181818
102,Finance and Insurance_FL,May,,,,105606.0,1036.0,101.93629343629344
103,Health Care and Social Assistance_FL,May,,,,323641.0,3434.0,94.24606872451952
104,Management of Companies and Enterprises_FL,May,,,,1784603.0,9052.0,197.15013256738843
105,NOT EMPLOYED_FL,May,,,,543174.0,7966.0,68.18654280692945
106,"Professional, Scientific, and Technical Services_FL",May,,,,455566.0,4316.0,105.55282669138091
107,Public Administration_FL,May,,,,393502.0,3299.0,119.27917550772962
108,RETIRED_FL,May,,,,5581193.0,74984.0,74.43178544756215
109,Real Estate and Rental and Leasing_FL,May,,,,184042.0,2500.0,73.6168
110,Administrative and Support and Waste Management and Remediation Services_FL,September,,,,94596.0,384.0,246.34375
111,DIRECTOR_FL,September,,,,6606.0,24.0,275.25
112,Finance and Insurance_FL,September,,,,64957.0,220.0,295.2590909090909
113,Health Care and Social Assistance_FL,September,,,,246836.0,707.0,349.13154172560115
114,Management of Companies and Enterprises_FL,September,,,,734053.0,2112.0,347.5629734848485
115,NOT EMPLOYED_FL,September,,,,8717.0,107.0,81.46728971962617
116,"Professional, Scientific, and Technical Services_FL",September,,,,202471.0,744.0,272.13844086021504
117,Public Administration_FL,September,,,,154649.0,558.0,277.14874551971326
118,RETIRED_FL,September,,,,2314480.0,8253.0,280.44105173876164
119,Real Estate and Rental and Leasing_FL,September,,,,97275.0,271.0,358.9483394833948
120,Administrative and Support and Waste Management and Remediation Services_GA,August,,,,81339.0,1044.0,77.91091954022988
121,Educational Services_GA,August,,,,81413.0,690.0,117.98985507246377
122,Finance and Insurance_GA,August,,,,40715.0,264.0,154.22348484848484
123,Health Care and Social Assistance_GA,August,,,,197918.0,1090.0,181.57614678899083
124,Management of Companies and Enterprises_GA,August,,,,477281.0,2173.0,219.64150943396226
125,NOT EMPLOYED_GA,August,,,,601151.0,6217.0,96.69470805854914
126,"Professional, Scientific, and Technical Services_GA",August,,,,379963.0,2091.0,181.71353419416548
127,Public Administration_GA,August,,,,156492.0,770.0,203.23636363636365
128,RETIRED_GA,August,,,,647360.0,3065.0,211.21044045677
129,Real Estate and Rental and Leasing_GA,August,,,,59225.0,329.0,180.01519756838906
130,Administrative and Support and Waste Management and Remediation Services_GA,July,,,,24082.0,335.0,71.8865671641791
131,Educational Services_GA,July,,,,23597.0,267.0,88.37827715355806
132,Finance and Insurance_GA,July,,,,9570.0,67.0,142.83582089552237
133,Health Care and Social Assistance_GA,July,,,,42838.0,314.0,136.42675159235668
134,Management of Companies and Enterprises_GA,July,,,,124474.0,613.0,203.05709624796086
135,NOT EMPLOYED_GA,July,,,,123746.0,1706.0,72.53575615474794
136,"Professional, Scientific, and Technical Services_GA",July,,,,71496.0,572.0,124.99300699300699
137,Public Administration_GA,July,,,,50829.0,223.0,227.93273542600897
138,RETIRED_GA,July,,,,370895.0,1248.0,297.1915064102564
139,Real Estate and Rental and Leasing_GA,July,,,,18080.0,113.0,160.0
140,Administrative and Support and Waste Management and Remediation Services_GA,September,,,,40243.0,131.0,307.19847328244276
141,Educational Services_GA,September,,,,11780.0,41.0,287.3170731707317
142,Finance and Insurance_GA,September,,,,37648.0,83.0,453.5903614457831
143,Health Care and Social Assistance_GA,September,,,,103305.0,225.0,459.1333333333333
144,Management of Companies and Enterprises_GA,September,,,,343798.0,844.0,407.3436018957346
145,NOT EMPLOYED_GA,September,,,,6299.0,40.0,157.475
146,"Professional, Scientific, and Technical Services_GA",September,,,,77925.0,277.0,281.3176895306859
147,Public Administration_GA,September,,,,70570.0,189.0,373.3862433862434
148,RETIRED_GA,September,,,,557581.0,2842.0,196.19317382125263
149,Real Estate and Rental and Leasing_GA,September,,,,35983.0,149.0,241.49664429530202
150,Administrative and Support and Waste Management and Remediation Services_MI,April,,,,50401.0,1020.0,49.41274509803922
151,Educational Services_MI,April,,,,37350.0,592.0,63.09121621621622
152,Health Care and Social Assistance_MI,April,,,,96720.0,1283.0,75.38581449727202
153,Management of Companies and Enterprises_MI,April,,,,272580.0,2420.0,112.63636363636364
154,Manufacturing_MI,April,,,,26104.0,460.0,56.74782608695652
155,NOT EMPLOYED_MI,April,,,,160518.0,2443.0,65.70528039295948
156,"Professional, Scientific, and Technical Services_MI",April,,,,121066.0,1361.0,88.95371050698016
157,Public Administration_MI,April,,,,48005.0,1062.0,45.20244821092279
158,RETIRED_MI,April,,,,843946.0,16139.0,52.29233533676188
159,Real Estate and Rental and Leasing_MI,April,,,,39229.0,715.0,54.86573426573427
160,Administrative and Support and Waste Management and Remediation Services_MI,August,,,,77609.0,831.0,93.39229843561974
161,Educational Services_MI,August,,,,116363.0,910.0,127.87142857142857
162,Health Care and Social Assistance_MI,August,,,,190038.0,1121.0,169.52542372881356
163,Management of Companies and Enterprises_MI,August,,,,296889.0,1716.0,173.01223776223776
164,Manufacturing_MI,August,,,,24294.0,240.0,101.225
165,NOT EMPLOYED_MI,August,,,,655245.0,7316.0,89.5632859486058
166,"Professional, Scientific, and Technical Services_MI",August,,,,281587.0,1779.0,158.28386734120292
167,Public Administration_MI,August,,,,90754.0,721.0,125.87239944521498
168,RETIRED_MI,August,,,,569882.0,3296.0,172.9010922330097
169,Real Estate and Rental and Leasing_MI,August,,,,48136.0,309.0,155.7799352750809
170,Administrative and Support and Waste Management and Remediation Services_MI,July,,,,35604.0,497.0,71.63782696177063
171,Educational Services_MI,July,,,,93341.0,597.0,156.3500837520938
172,Health Care and Social Assistance_MI,July,,,,79271.0,490.0,161.77755102040817
173,Management of Companies and Enterprises_MI,July,,,,155507.0,884.0,175.91289592760182
174,Manufacturing_MI,July,,,,6818.0,70.0,97.4
175,NOT EMPLOYED_MI,July,,,,187523.0,3430.0,54.67142857142857
176,"Professional, Scientific, and Technical Services_MI",July,,,,82186.0,750.0,109.58133333333333
177,Public Administration_MI,July,,,,35855.0,352.0,101.86079545454545
178,RETIRED_MI,July,,,,253624.0,1486.0,170.67563930013458
179,Real Estate and Rental and Leasing_MI,July,,,,16339.0,154.0,106.09740259740259
180,Administrative and Support and Waste Management and Remediation Services_MI,June,,,,169302.0,2831.0,59.80289650300247
181,Educational Services_MI,June,,,,94683.0,1104.0,85.76358695652173
182,Health Care and Social Assistance_MI,June,,,,235104.0,2370.0,99.2
183,Management of Companies and Enterprises_MI,June,,,,934410.0,5160.0,181.0872093023256
184,Manufacturing_MI,June,,,,60891.0,915.0,66.54754098360655
185,NOT EMPLOYED_MI,June,,,,239141.0,3502.0,68.28697886921759
186,"Professional, Scientific, and Technical Services_MI",June,,,,386200.0,2721.0,141.93311282616685
187,Public Administration_MI,June,,,,169151.0,2604.0,64.95814132104455
188,RETIRED_MI,June,,,,2107689.0,33254.0,63.38151801287063
189,Real Estate and Rental and Leasing_MI,June,,,,110708.0,1412.0,78.40509915014164
190,Administrative and Support and Waste Management and Remediation Services_MI,May,,,,92105.0,1880.0,48.99202127659574
191,Educational Services_MI,May,,,,46948.0,816.0,57.53431372549019
192,Health Care and Social Assistance_MI,May,,,,124949.0,1691.0,73.89059727971615
193,Management of Companies and Enterprises_MI,May,,,,324815.0,3418.0,95.030719719134
194,Manufacturing_MI,May,,,,31795.0,603.0,52.72802653399668
195,NOT EMPLOYED_MI,May,,,,172343.0,2959.0,58.24366339979723
196,"Professional, Scientific, and Technical Services_MI",May,,,,145263.0,1752.0,82.91267123287672
197,Public Administration_MI,May,,,,113456.0,2349.0,48.299702000851426
198,RETIRED_MI,May,,,,1042435.0,22362.0,46.6163581075038
199,Real Estate and Rental and Leasing_MI,May,,,,82927.0,1003.0,82.678963110668
200,Administrative and Support and Waste Management and Remediation Services_MI,September,,,,33393.0,217.0,153.8847926267281
201,Educational Services_MI,September,,,,4962.0,30.0,165.4
202,Health Care and Social Assistance_MI,September,,,,55136.0,167.0,330.1556886227545
203,Management of Companies and Enterprises_MI,September,,,,233633.0,726.0,321.8085399449036
204,Manufacturing_MI,September,,,,8044.0,52.0,154.69230769230768
205,NOT EMPLOYED_MI,September,,,,5149.0,74.0,69.58108108108108
206,"Professional, Scientific, and Technical Services_MI",September,,,,74335.0,241.0,308.4439834024896
207,Public Administration_MI,September,,,,25187.0,87.0,289.5057471264368
208,RETIRED_MI,September,,,,483023.0,2390.0,202.10167364016738
209,Real Estate and Rental and Leasing_MI,September,,,,17956.0,97.0,185.11340206185568
210,Administrative and Support and Waste Management and Remediation Services_MN,August,,,,73080.0,778.0,93.9331619537275
211,Educational Services_MN,August,,,,91416.0,569.0,160.66080843585237
212,Health Care and Social Assistance_MN,August,,,,164504.0,965.0,170.47046632124352
213,Management of Companies and Enterprises_MN,August,,,,339863.0,1776.0,191.36430180180182
214,NOT EMPLOYED_MN,August,,,,597955.0,5042.0,118.5948036493455
215,"Professional, Scientific, and Technical Services_MN",August,,,,240059.0,1389.0,172.82865370770338
216,Public Administration_MN,August,,,,94037.0,727.0,129.3493810178817
217,RETIRED_MN,August,,,,375005.0,2755.0,136.1179673321234
218,Real Estate and Rental and Leasing_MN,August,,,,29255.0,199.0,147.01005025125627
219,Transportation and Warehousing_MN,August,,,,33178.0,163.0,203.54601226993864
220,Administrative and Support and Waste Management and Remediation Services_MN,July,,,,10275.0,101.0,101.73267326732673
221,Educational Services_MN,July,,,,13020.0,105.0,124.0
222,Health Care and Social Assistance_MN,July,,,,15894.0,134.0,118.61194029850746
223,Management of Companies and Enterprises_MN,July,,,,45064.0,205.0,219.82439024390243
224,NOT EMPLOYED_MN,July,,,,56434.0,759.0,74.35309617918314
225,"Professional, Scientific, and Technical Services_MN",July,,,,21710.0,194.0,111.90721649484536
226,Public Administration_MN,July,,,,7783.0,89.0,87.4494382022472
227,RETIRED_MN,July,,,,49069.0,227.0,216.16299559471366
228,Real Estate and Rental and Leasing_MN,July,,,,4361.0,29.0,150.3793103448276
229,Transportation and Warehousing_MN,July,,,,2686.0,18.0,149.22222222222223
230,Administrative and Support and Waste Management and Remediation Services_MN,September,,,,12547.0,79.0,158.8227848101266
231,Educational Services_MN,September,,,,3715.0,27.0,137.59259259259258
232,Health Care and Social Assistance_MN,September,,,,42829.0,116.0,369.2155172413793
233,Management of Companies and Enterprises_MN,September,,,,109686.0,343.0,319.7842565597668
234,NOT EMPLOYED_MN,September,,,,478.0,6.0,79.66666666666667
235,"Professional, Scientific, and Technical Services_MN",September,,,,29186.0,146.0,199.9041095890411
236,Public Administration_MN,September,,,,38751.0,177.0,218.9322033898305
237,RETIRED_MN,September,,,,191180.0,926.0,206.45788336933046
238,Real Estate and Rental and Leasing_MN,September,,,,14930.0,56.0,266.60714285714283
239,Transportation and Warehousing_MN,September,,,,16961.0,78.0,217.44871794871796
240,Administrative and Support and Waste Management and Remediation Services_NC,April,,,,70773.0,1002.0,70.63173652694611
241,Educational Services_NC,April,,,,38886.0,373.0,104.2520107238606
242,Finance and Insurance_NC,April,,,,18345.0,228.0,80.46052631578948
243,Health Care and Social Assistance_NC,April,,,,109197.0,836.0,130.6184210526316
244,Management of Companies and Enterprises_NC,April,,,,287031.0,1714.0,167.46266044340723
245,NOT EMPLOYED_NC,April,,,,168991.0,2373.0,71.21407501053518
246,"Professional, Scientific, and Technical Services_NC",April,,,,163096.0,1068.0,152.71161048689137
247,Public Administration_NC,April,,,,113637.0,834.0,136.25539568345323
248,RETIRED_NC,April,,,,782094.0,15958.0,49.00952500313323
249,Real Estate and Rental and Leasing_NC,April,,,,44385.0,596.0,74.47147651006712
250,Administrative and Support and Waste Management and Remediation Services_NC,August,,,,87111.0,975.0,89.34461538461538
251,Educational Services_NC,August,,,,111528.0,982.0,113.57230142566192
252,Finance and Insurance_NC,August,,,,46462.0,268.0,173.36567164179104
253,Health Care and Social Assistance_NC,August,,,,232328.0,1328.0,174.94578313253012
254,Management of Companies and Enterprises_NC,August,,,,341869.0,2135.0,160.12599531615925
255,NOT EMPLOYED_NC,August,,,,851488.0,8536.0,99.75257731958763
256,"Professional, Scientific, and Technical Services_NC",August,,,,295824.0,1910.0,154.88167539267016
257,Public Administration_NC,August,,,,151774.0,1073.0,141.44827586206895
258,RETIRED_NC,August,,,,507773.0,3436.0,147.7802677532014
259,Real Estate and Rental and Leasing_NC,August,,,,53183.0,350.0,151.95142857142858
260,Administrative and Support and Waste Management and Remediation Services_NC,July,,,,41531.0,431.0,96.35962877030163
261,Educational Services_NC,July,,,,34088.0,445.0,76.60224719101123
262,Finance and Insurance_NC,July,,,,21016.0,146.0,143.94520547945206
263,Health Care and Social Assistance_NC,July,,,,69593.0,557.0,124.94254937163375
264,Management of Companies and Enterprises_NC,July,,,,498319.0,953.0,522.8950682056663
265,NOT EMPLOYED_NC,July,,,,238690.0,3690.0,64.68563685636856
266,"Professional, Scientific, and Technical Services_NC",July,,,,93208.0,796.0,117.09547738693468
267,Public Administration_NC,July,,,,49969.0,395.0,126.50379746835443
268,RETIRED_NC,July,,,,240413.0,1410.0,170.50567375886524
269,Real Estate and Rental and Leasing_NC,July,,,,18725.0,160.0,117.03125
270,Administrative and Support and Waste Management and Remediation Services_NC,June,,,,147290.0,2094.0,70.33906399235912
271,Educational Services_NC,June,,,,94953.0,888.0,106.92905405405405
272,Finance and Insurance_NC,June,,,,71651.0,512.0,139.943359375
273,Health Care and Social Assistance_NC,June,,,,276786.0,2422.0,114.27993393889348
274,Management of Companies and Enterprises_NC,June,,,,802351.0,4515.0,177.7078626799557
275,NOT EMPLOYED_NC,June,,,,319219.0,3674.0,86.88595536200327
276,"Professional, Scientific, and Technical Services_NC",June,,,,323864.0,2265.0,142.98631346578367
277,Public Administration_NC,June,,,,216578.0,1905.0,113.68923884514436
278,RETIRED_NC,June,,,,2089272.0,31932.0,65.42878617061255
279,Real Estate and Rental and Leasing_NC,June,,,,163833.0,1330.0,123.18270676691729
280,Administrative and Support and Waste Management and Remediation Services_NC,May,,,,60676.0,1232.0,49.25
281,Educational Services_NC,May,,,,37021.0,502.0,73.74701195219123
282,Finance and Insurance_NC,May,,,,33520.0,365.0,91.83561643835617
283,Health Care and Social Assistance_NC,May,,,,151044.0,1345.0,112.3003717472119
284,Management of Companies and Enterprises_NC,May,,,,480992.0,2496.0,192.7051282051282
285,NOT EMPLOYED_NC,May,,,,186598.0,3046.0,61.260013131976365
286,"Professional, Scientific, and Technical Services_NC",May,,,,137687.0,1346.0,102.29346210995543
287,Public Administration_NC,May,,,,87135.0,1340.0,65.02611940298507
288,RETIRED_NC,May,,,,1016658.0,20815.0,48.84256545760269
289,Real Estate and Rental and Leasing_NC,May,,,,48440.0,997.0,48.585757271815446
290,Administrative and Support and Waste Management and Remediation Services_NC,September,,,,27264.0,162.0,168.2962962962963
291,Educational Services_NC,September,,,,12578.0,56.0,224.60714285714286
292,Finance and Insurance_NC,September,,,,17387.0,49.0,354.83673469387753
293,Health Care and Social Assistance_NC,September,,,,81495.0,265.0,307.52830188679246
294,Management of Companies and Enterprises_NC,September,,,,213640.0,526.0,406.1596958174905
295,NOT EMPLOYED_NC,September,,,,5865.0,28.0,209.46428571428572
296,"Professional, Scientific, and Technical Services_NC",September,,,,69975.0,224.0,312.38839285714283
297,Public Administration_NC,September,,,,45001.0,153.0,294.12418300653593
298,RETIRED_NC,September,,,,529492.0,2663.0,198.83289523094254
299,Real Estate and Rental and Leasing_NC,September,,,,37028.0,133.0,278.406015037594
300,Administrative and Support and Waste Management and Remediation Services_OH,August,,,,95828.0,1047.0,91.52626552053486
301,Educational Services_OH,August,,,,106400.0,1068.0,99.62546816479401
302,Finance and Insurance_OH,August,,,,38384.0,196.0,195.83673469387756
303,Health Care and Social Assistance_OH,August,,,,222312.0,1043.0,213.14669223394057
304,Management of Companies and Enterprises_OH,August,,,,342080.0,2018.0,169.51437066402377
305,NOT EMPLOYED_OH,August,,,,671912.0,7147.0,94.01315237162446
306,"Professional, Scientific, and Technical Services_OH",August,,,,273618.0,1813.0,150.9200220628792
307,Public Administration_OH,August,,,,105977.0,719.0,147.39499304589708
308,RETIRED_OH,August,,,,431061.0,2247.0,191.8384512683578
309,Real Estate and Rental and Leasing_OH,August,,,,50420.0,281.0,179.4306049822064
310,Administrative and Support and Waste Management and Remediation Services_OH,July,,,,32977.0,477.0,69.13417190775681
311,Educational Services_OH,July,,,,58375.0,517.0,112.9110251450677
312,Finance and Insurance_OH,July,,,,19157.0,105.0,182.44761904761904
313,Health Care and Social Assistance_OH,July,,,,86137.0,460.0,187.25434782608696
314,Management of Companies and Enterprises_OH,July,,,,136412.0,794.0,171.80352644836273
315,NOT EMPLOYED_OH,July,,,,177741.0,3219.0,55.21621621621622
316,"Professional, Scientific, and Technical Services_OH",July,,,,95590.0,777.0,123.02445302445302
317,Public Administration_OH,July,,,,47444.0,346.0,137.121387283237
318,RETIRED_OH,July,,,,4758605.0,1099.0,4329.9408553230205
319,Real Estate and Rental and Leasing_OH,July,,,,19586.0,136.0,144.01470588235293
320,Administrative and Support and Waste Management and Remediation Services_OH,June,,,,169022.0,2362.0,71.55884843353091
321,Educational Services_OH,June,,,,90069.0,1091.0,82.55637030247479
322,Finance and Insurance_OH,June,,,,44025.0,360.0,122.29166666666667
323,Health Care and Social Assistance_OH,June,,,,186810.0,1843.0,101.36190992946283
324,Management of Companies and Enterprises_OH,June,,,,891367.0,4653.0,191.56823554695896
325,NOT EMPLOYED_OH,June,,,,212193.0,3054.0,69.4803536345776
326,"Professional, Scientific, and Technical Services_OH",June,,,,249948.0,2386.0,104.756077116513
327,Public Administration_OH,June,,,,171752.0,1655.0,103.77764350453172
328,RETIRED_OH,June,,,,1698592.0,26835.0,63.297633687348615
329,Real Estate and Rental and Leasing_OH,June,,,,94911.0,958.0,99.07202505219206
330,Administrative and Support and Waste Management and Remediation Services_OH,September,,,,33030.0,194.0,170.2577319587629
331,Educational Services_OH,September,,,,11385.0,37.0,307.7027027027027
332,Finance and Insurance_OH,September,,,,14725.0,36.0,409.02777777777777
333,Health Care and Social Assistance_OH,September,,,,55383.0,174.0,318.2931034482759
334,Management of Companies and Enterprises_OH,September,,,,237509.0,686.0,346.2230320699708
335,NOT EMPLOYED_OH,September,,,,5903.0,20.0,295.15
336,"Professional, Scientific, and Technical Services_OH",September,,,,68828.0,254.0,270.9763779527559
337,Public Administration_OH,September,,,,43013.0,103.0,417.6019417475728
338,RETIRED_OH,September,,,,461628.0,2585.0,178.57949709864604
339,Real Estate and Rental and Leasing_OH,September,,,,33362.0,101.0,330.3168316831683
340,Administrative and Support and Waste Management and Remediation Services_PA,April,,,,72609.0,1651.0,43.978800726832226
341,Educational Services_PA,April,,,,46152.0,602.0,76.66445182724253
342,Finance and Insurance_PA,April,,,,26206.0,314.0,83.45859872611464
343,Health Care and Social Assistance_PA,April,,,,132748.0,1422.0,93.35302390998594
344,Management of Companies and Enterprises_PA,April,,,,365835.0,2841.0,128.76979936642027
345,NOT EMPLOYED_PA,April,,,,257665.0,3551.0,72.56125035201352
346,"Professional, Scientific, and Technical Services_PA",April,,,,255467.0,1456.0,175.4581043956044
347,Public Administration_PA,April,,,,91416.0,1301.0,70.26594926979247
348,RETIRED_PA,April,,,,800118.0,16238.0,49.274418031777316
349,Real Estate and Rental and Leasing_PA,April,,,,45483.0,571.0,79.65499124343258
350,Administrative and Support and Waste Management and Remediation Services_PA,August,,,,166439.0,1884.0,88.34341825902335
351,Educational Services_PA,August,,,,266243.0,1927.0,138.16450441100156
352,Finance and Insurance_PA,August,,,,80147.0,433.0,185.09699769053117
353,Health Care and Social Assistance_PA,August,,,,343802.0,1998.0,172.07307307307306
354,Management of Companies and Enterprises_PA,August,,,,586867.0,3307.0,177.46205019655278
355,NOT EMPLOYED_PA,August,,,,1125834.0,11560.0,97.39048442906575
356,"Professional, Scientific, and Technical Services_PA",August,,,,663445.0,3359.0,197.5126525751712
357,Public Administration_PA,August,,,,198283.0,1381.0,143.5792903692976
358,RETIRED_PA,August,,,,767104.0,4370.0,175.5386727688787
359,Real Estate and Rental and Leasing_PA,August,,,,42145.0,501.0,84.12175648702595
360,Administrative and Support and Waste Management and Remediation Services_PA,July,,,,58532.0,896.0,65.32589285714286
361,Educational Services_PA,July,,,,85658.0,999.0,85.74374374374375
362,Finance and Insurance_PA,July,,,,22825.0,158.0,144.4620253164557
363,Health Care and Social Assistance_PA,July,,,,102563.0,826.0,124.1682808716707
364,Management of Companies and Enterprises_PA,July,,,,235889.0,1391.0,169.5823148813803
365,NOT EMPLOYED_PA,July,,,,363311.0,5247.0,69.24166190203925
366,"Professional, Scientific, and Technical Services_PA",July,,,,255776.0,1458.0,175.42935528120714
367,Public Administration_PA,July,,,,86652.0,578.0,149.91695501730104
368,RETIRED_PA,July,,,,318667.0,2054.0,155.1445959104187
369,Real Estate and Rental and Leasing_PA,July,,,,33054.0,264.0,125.20454545454545
370,Administrative and Support and Waste Management and Remediation Services_PA,June,,,,236326.0,3853.0,61.33558266286011
371,Educational Services_PA,June,,,,151025.0,1398.0,108.02932761087267
372,Finance and Insurance_PA,June,,,,103993.0,667.0,155.91154422788605
373,Health Care and Social Assistance_PA,June,,,,367712.0,3189.0,115.30636563185952
374,Management of Companies and Enterprises_PA,June,,,,1302359.0,5969.0,218.18713352320322
375,NOT EMPLOYED_PA,June,,,,482889.0,5241.0,92.13680595306239
376,"Professional, Scientific, and Technical Services_PA",June,,,,751957.0,3382.0,222.34092253104671
377,Public Administration_PA,June,,,,271730.0,2382.0,114.07640638119227
378,RETIRED_PA,June,,,,2616630.0,35832.0,73.02494976557267
379,Real Estate and Rental and Leasing_PA,June,,,,254298.0,1407.0,180.73773987206823
380,Administrative and Support and Waste Management and Remediation Services_PA,May,,,,106872.0,2418.0,44.1985111662531
381,Educational Services_PA,May,,,,65349.0,857.0,76.2532088681447
382,Finance and Insurance_PA,May,,,,40691.0,438.0,92.90182648401826
383,Health Care and Social Assistance_PA,May,,,,182515.0,1816.0,100.50385462555066
384,Management of Companies and Enterprises_PA,May,,,,990881.0,3984.0,248.71511044176708
385,NOT EMPLOYED_PA,May,,,,270633.0,4177.0,64.79123773042853
386,"Professional, Scientific, and Technical Services_PA",May,,,,378187.0,2121.0,178.3059877416313
387,Public Administration_PA,May,,,,191927.0,1527.0,125.68893254747871
388,RETIRED_PA,May,,,,1441772.0,23665.0,60.924234100993026
389,Real Estate and Rental and Leasing_PA,May,,,,74531.0,1033.0,72.15004840271055
390,Administrative and Support and Waste Management and Remediation Services_PA,September,,,,40287.0,239.0,168.56485355648536
391,Educational Services_PA,September,,,,18355.0,95.0,193.21052631578948
392,Finance and Insurance_PA,September,,,,21167.0,107.0,197.82242990654206
393,Health Care and Social Assistance_PA,September,,,,80105.0,319.0,251.1128526645768
394,Management of Companies and Enterprises_PA,September,,,,272758.0,837.0,325.8757467144564
395,NOT EMPLOYED_PA,September,,,,6145.0,26.0,236.34615384615384
396,"Professional, Scientific, and Technical Services_PA",September,,,,72309.0,256.0,282.45703125
397,Public Administration_PA,September,,,,50985.0,175.0,291.34285714285716
398,RETIRED_PA,September,,,,570206.0,2637.0,216.2328403488813
399,Real Estate and Rental and Leasing_PA,September,,,,43445.0,110.0,394.95454545454544
400,Administrative and Support and Waste Management and Remediation Services_TX,April,,,,173157.0,3440.0,50.33633720930233
401,Educational Services_TX,April,,,,104287.0,1724.0,60.49129930394432
402,Finance and Insurance_TX,April,,,,144314.0,1051.0,137.31113225499524
403,Health Care and Social Assistance_TX,April,,,,286350.0,3331.0,85.96517562293606
404,Management of Companies and Enterprises_TX,April,,,,3420335.0,8771.0,389.95952570972526
405,NOT EMPLOYED_TX,April,,,,311343.0,4033.0,77.19885940986859
406,"Professional, Scientific, and Technical Services_TX",April,,,,438087.0,4475.0,97.89653631284916
407,Public Administration_TX,April,,,,320852.0,3340.0,96.06347305389221
408,RETIRED_TX,April,,,,2951580.0,54129.0,54.528626059967856
409,Real Estate and Rental and Leasing_TX,April,,,,137890.0,2188.0,63.02102376599635
410,Administrative and Support and Waste Management and Remediation Services_TX,August,,,,509770.0,2237.0,227.88109074653553
411,Educational Services_TX,August,,,,249264.0,1986.0,125.51057401812689
412,Finance and Insurance_TX,August,,,,117282.0,617.0,190.0842787682334
413,Health Care and Social Assistance_TX,August,,,,449951.0,2378.0,189.21404541631622
414,Management of Companies and Enterprises_TX,August,,,,1328663.0,5740.0,231.47439024390243
415,NOT EMPLOYED_TX,August,,,,1653228.0,15089.0,109.56511365895686
416,"Professional, Scientific, and Technical Services_TX",August,,,,957624.0,5051.0,189.59097208473568
417,Public Administration_TX,August,,,,386773.0,2116.0,182.78497164461248
418,RETIRED_TX,August,,,,1441401.0,5654.0,254.93473646975593
419,Real Estate and Rental and Leasing_TX,August,,,,160044.0,1000.0,160.044
420,Administrative and Support and Waste Management and Remediation Services_TX,July,,,,100835.0,1020.0,98.8578431372549
421,Educational Services_TX,July,,,,86672.0,990.0,87.54747474747475
422,Finance and Insurance_TX,July,,,,49970.0,252.0,198.29365079365078
423,Health Care and Social Assistance_TX,July,,,,167038.0,1029.0,162.33041788143828
424,Management of Companies and Enterprises_TX,July,,,,496421.0,2445.0,203.03517382413088
425,NOT EMPLOYED_TX,July,,,,446963.0,6816.0,65.57555751173709
426,"Professional, Scientific, and Technical Services_TX",July,,,,330873.0,2233.0,148.1742051052396
427,Public Administration_TX,July,,,,206782.0,863.0,239.60834298957127
428,RETIRED_TX,July,,,,790340.0,2407.0,328.35064395513086
429,Real Estate and Rental and Leasing_TX,July,,,,101011.0,577.0,175.06239168110918
430,Administrative and Support and Waste Management and Remediation Services_TX,June,,,,753221.0,8213.0,91.71082430293437
431,Educational Services_TX,June,,,,317312.0,3498.0,90.71240708976558
432,Finance and Insurance_TX,June,,,,286646.0,2275.0,125.99824175824176
433,Health Care and Social Assistance_TX,June,,,,1862739.0,7254.0,256.787841191067
434,Management of Companies and Enterprises_TX,June,,,,8246329.0,19749.0,417.55678768545243
435,NOT EMPLOYED_TX,June,,,,677360.0,6993.0,96.86257686257686
436,"Professional, Scientific, and Technical Services_TX",June,,,,1490869.0,10030.0,148.64097706879363
437,Public Administration_TX,June,,,,1648807.0,8217.0,200.6580260435682
438,RETIRED_TX,June,,,,8603802.0,117184.0,73.4213032495904
439,Real Estate and Rental and Leasing_TX,June,,,,457307.0,4987.0,91.69981953078003
440,Administrative and Support and Waste Management and Remediation Services_TX,May,,,,236726.0,5084.0,46.56294256490952
441,Educational Services_TX,May,,,,124070.0,2215.0,56.01354401805869
442,Finance and Insurance_TX,May,,,,138516.0,1538.0,90.06241872561769
443,Health Care and Social Assistance_TX,May,,,,867298.0,4426.0,195.9552643470402
444,Management of Companies and Enterprises_TX,May,,,,1934374.0,11310.0,171.03218390804597
445,NOT EMPLOYED_TX,May,,,,352824.0,5396.0,65.38621200889548
446,"Professional, Scientific, and Technical Services_TX",May,,,,786745.0,6190.0,127.09935379644588
447,Public Administration_TX,May,,,,1072017.0,5230.0,204.97456978967494
448,RETIRED_TX,May,,,,3930450.0,75880.0,51.79823405376911
449,Real Estate and Rental and Leasing_TX,May,,,,218429.0,2989.0,73.07761793241887
450,Administrative and Support and Waste Management and Remediation Services_TX,September,,,,165089.0,647.0,255.16074188562595
451,Educational Services_TX,September,,,,36767.0,187.0,196.6149732620321
452,Finance and Insurance_TX,September,,,,110734.0,276.0,401.21014492753625
453,Health Care and Social Assistance_TX,September,,,,271879.0,924.0,294.241341991342
454,Management of Companies and Enterprises_TX,September,,,,897937.0,2562.0,350.48282591725217
455,NOT EMPLOYED_TX,September,,,,19713.0,144.0,136.89583333333334
456,"Professional, Scientific, and Technical Services_TX",September,,,,326783.0,1066.0,306.55065666041276
457,Public Administration_TX,September,,,,246467.0,654.0,376.8608562691131
458,RETIRED_TX,September,,,,2109503.0,9906.0,212.9520492630729
459,Real Estate and Rental and Leasing_TX,September,,,,114581.0,423.0,270.87706855791964
460,Administrative and Support and Waste Management and Remediation Services_WI,April,,,,27187.0,547.0,49.70201096892139
461,Educational Services_WI,April,,,,15296.0,112.0,136.57142857142858
462,Health Care and Social Assistance_WI,April,,,,49232.0,390.0,126.23589743589744
463,Management of Companies and Enterprises_WI,April,,,,176380.0,1126.0,156.6429840142096
464,Manufacturing_WI,April,,,,13120.0,179.0,73.29608938547486
465,NOT EMPLOYED_WI,April,,,,73347.0,820.0,89.44756097560976
466,"Professional, Scientific, and Technical Services_WI",April,,,,54750.0,436.0,125.57339449541284
467,Public Administration_WI,April,,,,30642.0,313.0,97.89776357827476
468,RETIRED_WI,April,,,,353098.0,6321.0,55.86109792754311
469,Real Estate and Rental and Leasing_WI,April,,,,17200.0,264.0,65.15151515151516
470,Administrative and Support and Waste Management and Remediation Services_WI,August,,,,26918.0,296.0,90.9391891891892
471,Educational Services_WI,August,,,,50223.0,343.0,146.42274052478135
472,Health Care and Social Assistance_WI,August,,,,94100.0,409.0,230.07334963325184
473,Management of Companies and Enterprises_WI,August,,,,170302.0,606.0,281.02640264026405
474,Manufacturing_WI,August,,,,18699.0,138.0,135.5
475,NOT EMPLOYED_WI,August,,,,318529.0,2778.0,114.66126709863211
476,"Professional, Scientific, and Technical Services_WI",August,,,,121794.0,652.0,186.80061349693253
477,Public Administration_WI,August,,,,36323.0,242.0,150.09504132231405
478,RETIRED_WI,August,,,,284493.0,1392.0,204.37715517241378
479,Real Estate and Rental and Leasing_WI,August,,,,14419.0,80.0,180.2375
480,Administrative and Support and Waste Management and Remediation Services_WI,July,,,,19687.0,235.0,83.77446808510638
481,Educational Services_WI,July,,,,31024.0,240.0,129.26666666666668
482,Health Care and Social Assistance_WI,July,,,,35207.0,221.0,159.30769230769232
483,Management of Companies and Enterprises_WI,July,,,,78173.0,289.0,270.4948096885813
484,Manufacturing_WI,July,,,,6894.0,109.0,63.24770642201835
485,NOT EMPLOYED_WI,July,,,,102872.0,1512.0,68.03703703703704
486,"Professional, Scientific, and Technical Services_WI",July,,,,55632.0,383.0,145.2532637075718
487,Public Administration_WI,July,,,,14937.0,159.0,93.94339622641509
488,RETIRED_WI,July,,,,149570.0,831.0,179.98796630565585
489,Real Estate and Rental and Leasing_WI,July,,,,8783.0,72.0,121.98611111111111
490,Administrative and Support and Waste Management and Remediation Services_WI,June,,,,71437.0,1282.0,55.72308892355694
491,Educational Services_WI,June,,,,18610.0,341.0,54.57478005865103
492,Health Care and Social Assistance_WI,June,,,,94257.0,831.0,113.4259927797834
493,Management of Companies and Enterprises_WI,June,,,,504920.0,2119.0,238.28220858895705
494,Manufacturing_WI,June,,,,55001.0,404.0,136.1410891089109
495,NOT EMPLOYED_WI,June,,,,138590.0,1381.0,100.35481535119479
496,"Professional, Scientific, and Technical Services_WI",June,,,,101240.0,881.0,114.91486946651533
497,Public Administration_WI,June,,,,60201.0,657.0,91.63013698630137
498,RETIRED_WI,June,,,,814975.0,11297.0,72.14083384969462
499,Real Estate and Rental and Leasing_WI,June,,,,50589.0,561.0,90.17647058823529
500,Administrative and Support and Waste Management and Remediation Services_WI,May,,,,43635.0,836.0,52.19497607655502
501,Educational Services_WI,May,,,,18144.0,311.0,58.340836012861736
502,Health Care and Social Assistance_WI,May,,,,34578.0,546.0,63.32967032967033
503,Management of Companies and Enterprises_WI,May,,,,160524.0,1368.0,117.34210526315789
504,Manufacturing_WI,May,,,,15901.0,284.0,55.98943661971831
505,NOT EMPLOYED_WI,May,,,,74096.0,1172.0,63.22184300341297
506,"Professional, Scientific, and Technical Services_WI",May,,,,44753.0,495.0,90.41010101010102
507,Public Administration_WI,May,,,,45033.0,462.0,97.47402597402598
508,RETIRED_WI,May,,,,584759.0,8585.0,68.1140361094933
509,Real Estate and Rental and Leasing_WI,May,,,,33286.0,351.0,94.83190883190883
510,Administrative and Support and Waste Management and Remediation Services_WI,September,,,,29078.0,92.0,316.0652173913044
511,Educational Services_WI,September,,,,1811.0,9.0,201.22222222222223
512,Health Care and Social Assistance_WI,September,,,,39368.0,93.0,423.31182795698925
513,Management of Companies and Enterprises_WI,September,,,,135017.0,400.0,337.5425
514,Manufacturing_WI,September,,,,4179.0,19.0,219.94736842105263
515,NOT EMPLOYED_WI,September,,,,1471.0,11.0,133.72727272727272
516,"Professional, Scientific, and Technical Services_WI",September,,,,28138.0,121.0,232.54545454545453
517,Public Administration_WI,September,,,,15796.0,94.0,168.04255319148936
518,RETIRED_WI,September,,,,260684.0,1038.0,251.14065510597302
519,Real Estate and Rental and Leasing_WI,September,,,,21113.0,87.0,242.67816091954023
0,BIDEN FOR PRESIDENT,April,,,,5183889.0,41105.0,126.11334387544095
1,BIDEN VICTORY FUND,April,,,,449200.0,13.0,34553.846153846156
2,DONALD J TRUMP FOR PRESIDENT INC,April,,,,75527.0,922.0,81.91648590021693
3,DONALD J. TRUMP FOR PRESIDENT INC,April,,,,245325.0,4805.0,51.056191467221645
4,DONALD J. TRUMP FOR PRESIDENT INC.,April,,,,41437.0,234.0,177.0811965811966
5,"DONALD J. TRUMP FOR PRESIDENT, INC.",April,,,,13915254.0,255755.0,54.408531602510216
6,"DONALD TRUMP FOR PRESIDENT, INC.",April,,,,24100.0,22.0,1095.4545454545455
7,"DUSTBUSTERS SWEEPING SERVICE, INC.",April,,,,324551.0,1588.0,204.3772040302267
8,"EXECUTIVE EAGLES ADVERTISING, LLC",April,,,,324551.0,1588.0,204.3772040302267
9,"I360, LLC",April,,,,324551.0,1588.0,204.3772040302267
10,"MASTER PRINT, INC.",April,,,,324551.0,1588.0,204.3772040302267
11,NATIONAL RIFLE ASSOCIATION OF AMERICA,April,,,,324551.0,1588.0,204.3772040302267
12,NRA INSTITUTE FOR LEGISLATIVE ACTION,April,,,,324551.0,1588.0,204.3772040302267
13,STAMPEDE AMERICA,April,,,,324551.0,1588.0,204.3772040302267
14,TRUMP MAKE AMERICA GREAT AGAIN COMMITTEE,April,,,,1668372.0,7278.0,229.23495465787303
15,TRUMP VICTORY,April,,,,4633476.0,105.0,44128.34285714286
16,UNITED STATES POSTAL SERVICE,April,,,,324551.0,1588.0,204.3772040302267
17,WISCONSIN CONSERVATIVE LEADERSHIP COALITION,April,,,,324551.0,1588.0,204.3772040302267
18,BIDEN FOR PRESIDENT,August,,,,24338472.0,202302.0,120.30761930183587
19,DONALD J TRUMP FOR PRESIDENT INC,August,,,,975.0,5.0,195.0
20,DONALD J. TRUMP FOR PRESIDENT,August,,,,16697.0,36.0,463.80555555555554
21,DONALD J. TRUMP FOR PRESIDENT INC,August,,,,5000.0,1.0,5000.0
22,DONALD J. TRUMP FOR PRESIDENT INC.,August,,,,16271.0,25.0,650.84
23,"DONALD J. TRUMP FOR PRESIDENT, INC.",August,,,,10471013.0,34051.0,307.50970602919153
24,"DUSTBUSTERS SWEEPING SERVICE, INC.",August,,,,2087152.0,14271.0,146.25127881718169
25,"EXECUTIVE EAGLES ADVERTISING, LLC",August,,,,2087152.0,14271.0,146.25127881718169
26,FLORIDA ALLIANCE OF PLANNED PARENTHOOD AFFILIATES,August,,,,325582.0,287.0,1134.432055749129
27,"I360, LLC",August,,,,2087152.0,14271.0,146.25127881718169
28,"MASTER PRINT, INC.",August,,,,2087152.0,14271.0,146.25127881718169
29,NATIONAL RIFLE ASSOCIATION OF AMERICA,August,,,,2087152.0,14271.0,146.25127881718169
30,NRA INSTITUTE FOR LEGISLATIVE ACTION,August,,,,2087152.0,14271.0,146.25127881718169
31,PLANNED PARENTHOOD ADVOCATES OF ARIZONA,August,,,,325582.0,287.0,1134.432055749129
32,PLANNED PARENTHOOD MAINE ACTION FUND,August,,,,325582.0,287.0,1134.432055749129
33,STAMPEDE AMERICA,August,,,,2087152.0,14271.0,146.25127881718169
34,UNITED STATES POSTAL SERVICE,August,,,,2087152.0,14271.0,146.25127881718169
35,WISCONSIN CONSERVATIVE LEADERSHIP COALITION,August,,,,2087152.0,14271.0,146.25127881718169
36,BIDEN FOR PRESIDENT,July,,,,8003226.0,88192.0,90.74775489840349
37,DONALD J TRUMP FOR PRESIDENT INC,July,,,,150.0,4.0,37.5
38,DONALD J. TRUMP FOR PRESIDENT,July,,,,4780.0,10.0,478.0
39,DONALD J. TRUMP FOR PRESIDENT INC,July,,,,59667.0,948.0,62.93987341772152
40,DONALD J. TRUMP FOR PRESIDENT INC.,July,,,,67329.0,463.0,145.41900647948165
41,"DONALD J. TRUMP FOR PRESIDENT, INC.",July,,,,5585109.0,11928.0,468.23516096579476
42,"DUSTBUSTERS SWEEPING SERVICE, INC.",July,,,,716358.0,3947.0,181.49429946795036
43,"EXECUTIVE EAGLES ADVERTISING, LLC",July,,,,716358.0,3947.0,181.49429946795036
44,FLORIDA ALLIANCE OF PLANNED PARENTHOOD AFFILIATES,July,,,,4545000.0,105.0,43285.71428571428
45,"I360, LLC",July,,,,716358.0,3947.0,181.49429946795036
46,"MASTER PRINT, INC.",July,,,,716358.0,3947.0,181.49429946795036
47,NATIONAL RIFLE ASSOCIATION OF AMERICA,July,,,,716358.0,3947.0,181.49429946795036
48,NRA INSTITUTE FOR LEGISLATIVE ACTION,July,,,,716358.0,3947.0,181.49429946795036
49,PLANNED PARENTHOOD ADVOCATES OF ARIZONA,July,,,,4545000.0,105.0,43285.71428571428
50,PLANNED PARENTHOOD MAINE ACTION FUND,July,,,,4545000.0,105.0,43285.71428571428
51,STAMPEDE AMERICA,July,,,,716358.0,3947.0,181.49429946795036
52,UNITED STATES POSTAL SERVICE,July,,,,716358.0,3947.0,181.49429946795036
53,WISCONSIN CONSERVATIVE LEADERSHIP COALITION,July,,,,716358.0,3947.0,181.49429946795036
54,BIDEN ACTION FUND,June,,,,185500.0,3.0,61833.333333333336
55,BIDEN FOR PRESIDENT,June,,,,7254726.0,71575.0,101.3583793223891
56,BIDEN VICTORY FUND,June,,,,6833227.0,2351.0,2906.51935346661
57,DONALD J TRUMP FOR PRESIDENT INC,June,,,,164640.0,1329.0,123.88261851015801
58,DONALD J. TRUMP FOR PRESIDENT INC,June,,,,404910.0,6786.0,59.6684350132626
59,DONALD J. TRUMP FOR PRESIDENT INC.,June,,,,117376.0,485.0,242.0123711340206
60,"DONALD J. TRUMP FOR PRESIDENT, INC.",June,,,,44286521.0,616367.0,71.85089565145441
61,"DONALD TRUMP FOR PRESIDENT, INC.",June,,,,136657.0,133.0,1027.4962406015038
62,"DUSTBUSTERS SWEEPING SERVICE, INC.",June,,,,663528.0,4070.0,163.02899262899263
63,"EXECUTIVE EAGLES ADVERTISING, LLC",June,,,,663528.0,4070.0,163.02899262899263
64,FLORIDA ALLIANCE OF PLANNED PARENTHOOD AFFILIATES,June,,,,267040.0,131.0,2038.473282442748
65,"I360, LLC",June,,,,663528.0,4070.0,163.02899262899263
66,"MASTER PRINT, INC.",June,,,,663528.0,4070.0,163.02899262899263
67,NATIONAL RIFLE ASSOCIATION OF AMERICA,June,,,,663528.0,4070.0,163.02899262899263
68,NRA INSTITUTE FOR LEGISLATIVE ACTION,June,,,,663528.0,4070.0,163.02899262899263
69,PLANNED PARENTHOOD ADVOCATES OF ARIZONA,June,,,,267040.0,131.0,2038.473282442748
70,PLANNED PARENTHOOD MAINE ACTION FUND,June,,,,267040.0,131.0,2038.473282442748
71,STAMPEDE AMERICA,June,,,,663528.0,4070.0,163.02899262899263
72,TRUMP MAKE AMERICA GREAT AGAIN COMMITTEE,June,,,,8188580.0,35048.0,233.63900935859394
73,TRUMP VICTORY,June,,,,12411794.0,244.0,50868.00819672131
74,UNITED STATES POSTAL SERVICE,June,,,,663528.0,4070.0,163.02899262899263
75,WISCONSIN CONSERVATIVE LEADERSHIP COALITION,June,,,,663528.0,4070.0,163.02899262899263
76,BIDEN FOR PRESIDENT,May,,,,4332310.0,52454.0,82.59255728829069
77,BIDEN VICTORY FUND,May,,,,3515832.0,1036.0,3393.6602316602316
78,DONALD J TRUMP FOR PRESIDENT INC,May,,,,125179.0,1151.0,108.75673327541269
79,DONALD J. TRUMP FOR PRESIDENT INC,May,,,,309985.0,6001.0,51.65555740709882
80,DONALD J. TRUMP FOR PRESIDENT INC.,May,,,,75667.0,353.0,214.3541076487252
81,"DONALD J. TRUMP FOR PRESIDENT, INC.",May,,,,19326052.0,355246.0,54.401884891033255
82,"DONALD TRUMP FOR PRESIDENT, INC.",May,,,,51050.0,52.0,981.7307692307693
83,"DUSTBUSTERS SWEEPING SERVICE, INC.",May,,,,416897.0,2312.0,180.31877162629758
84,"EXECUTIVE EAGLES ADVERTISING, LLC",May,,,,416897.0,2312.0,180.31877162629758
85,FLORIDA ALLIANCE OF PLANNED PARENTHOOD AFFILIATES,May,,,,900000.0,9.0,100000.0
86,"I360, LLC",May,,,,416897.0,2312.0,180.31877162629758
87,"MASTER PRINT, INC.",May,,,,416897.0,2312.0,180.31877162629758
88,NATIONAL RIFLE ASSOCIATION OF AMERICA,May,,,,416897.0,2312.0,180.31877162629758
89,NRA INSTITUTE FOR LEGISLATIVE ACTION,May,,,,416897.0,2312.0,180.31877162629758
90,PLANNED PARENTHOOD ADVOCATES OF ARIZONA,May,,,,900000.0,9.0,100000.0
91,PLANNED PARENTHOOD MAINE ACTION FUND,May,,,,900000.0,9.0,100000.0
92,STAMPEDE AMERICA,May,,,,416897.0,2312.0,180.31877162629758
93,TRUMP MAKE AMERICA GREAT AGAIN COMMITTEE,May,,,,2526839.0,17694.0,142.8076749180513
94,TRUMP VICTORY,May,,,,2953476.0,134.0,22040.86567164179
95,UNITED STATES POSTAL SERVICE,May,,,,416897.0,2312.0,180.31877162629758
96,WISCONSIN CONSERVATIVE LEADERSHIP COALITION,May,,,,416897.0,2312.0,180.31877162629758
97,BIDEN FOR PRESIDENT,September,,,,31028.0,523.0,59.32695984703633
98,DONALD J. TRUMP FOR PRESIDENT,September,,,,51180.0,49.0,1044.4897959183672
99,DONALD J. TRUMP FOR PRESIDENT INC.,September,,,,50.0,1.0,50.0
100,"DONALD J. TRUMP FOR PRESIDENT, INC.",September,,,,17875896.0,68761.0,259.97143729730516
